{
    "x": 0.310000002,
    "y": 0.119999997,
    "z": -0.529999971
}